{"cameraMode":{"drawMode":0,"name":"Shaded","section":"Shading Mode"},"sceneLighting":false,"audioPlay":false,"sceneViewState":{"m_AlwaysRefresh":false,"showFog":true,"showSkybox":true,"showFlares":true,"showImageEffects":true,"showParticleSystems":true,"showVisualEffectGraphs":true,"m_FxEnabled":true},"in2DMode":false,"pivot":{"x":0.12635111808776856,"y":0.7394596338272095,"z":-0.4993436336517334},"rotation":{"x":0.007038106210529804,"y":0.9905844926834106,"z":-0.12668608129024507,"w":0.053448017686605456},"size":1.677002191543579,"orthographic":false}